"clade"	"gene"	"site"	"alt"
"V1A"	"nuc"	206	"G"
"V1A"	"nuc"	644	"C"
"V1A"	"nuc"	1340	"T"
"V1A"	"nuc"	1821	"T"
"V1B"	"nuc"	1034	"G"
"V1B"	"nuc"	1172	"G"
"V1A.1"	"HA"	129	"G"
"V1A.1"	"HA"	162	"-"
"V1A.1"	"HA"	163	"-"
"V1A.1"	"HA"	180	"V"
"V1A.1"	"HA"	498	"K"
"V1A.2"	"HA"	163	"-"
"V1A.2"	"HA"	164	"-"
"V1A.2"	"HA"	180	"T"
"V1A.2"	"HA"	209	"N"
"V1A.3"	"HA"	136	"E"
"V1A.3"	"HA"	163	"-"
"V1A.3"	"HA"	164	"-"
"V1A.3"	"nuc"	1646	"C"
"V1A.3a"	"HA"	150	"K"
"V1A.3a"	"HA"	184	"E"
"V1A.3a"	"HA"	197	"D"
"V1A.3a"	"HA"	279	"K"
"V1A.3a.1"	"HA"	150	"K"
"V1A.3a.1"	"HA"	220	"M"
"V1A.3a.1"	"HA"	241	"Q"
"V1A.3a.2"	"HA"	127	"T"
"V1A.3a.2"	"HA"	144	"L"
"V1A.3a.2"	"HA"	203	"R"
